arquivo,diretorio,nome_fonte,descricao,tamanho_bytes,num_registros,ultima_atualizacao
ciha/comunicacao_internacao_hospitalar_ambulatorial.parquet,ciha,CIHA - Comunicação de Informação Hospitalar e Ambulatorial,"Internações e atendimentos ambulatoriais comunicados ao SUS, incluindo produção não-SUS (particular, planos de saúde), 2011-atual. Sucede o antigo CIH.",3105065133,287891816,2026-08-25 07:31:41
cnes/equipamentos.parquet,cnes,CNES - Equipamentos,"Equipamentos cadastrados por estabelecimento (raio-X, ressonância, tomógrafo etc).",9942461,1106848,2026-08-24 10:10:50
cnes/estabelecimentos_de_saude.parquet,cnes,CNES - Estabelecimentos de Saúde,"Cadastro Nacional de Estabelecimentos de Saúde -- identificação, endereço, CNPJ e infraestrutura de todos os estabelecimentos de saúde do Brasil.",76111963,632926,2026-08-24 09:42:43
cnes/habilitacoes.parquet,cnes,CNES - Habilitações,Habilitações de todos os estabelecimentos de saúde do Brasil.,927371,34834,2026-08-24 09:43:57
cnes/leitos.parquet,cnes,CNES - Leitos,Contagem de leitos de todos os estabelecimentos de saúde do Brasil.,601367,51808,2026-08-24 09:45:03
cnes/profissionais.parquet,cnes,CNES - Profissionais,"Profissionais de saúde cadastrados por estabelecimento (CBO, carga horária, forma de contratação).",334818540,6727867,2026-08-24 10:08:27
geo/macroregiao_de_saude.parquet,geo,Macrorregiões de Saúde (geolocalização),"Municípios brasileiros associados às macrorregiões de saúde, regiões de saúde e coordenadas geográficas.",276371,5570,2026-08-04 16:42:16
ibge/microdados_pns_2013.txt,ibge,PNS/IBGE 2013 - Microdados Brutos,"Microdados de posição fixa completos, sem recorte temático.",330464110,,2026-08-04 16:44:33
ibge/microdados_pns_2019.txt,ibge,PNS/IBGE 2019 - Microdados Brutos,"Microdados de posição fixa completos, sem recorte temático.",455275300,,2026-08-04 16:47:54
ibge/pib_municipal.parquet,ibge,IBGE - PIB Municipal,"PIB, Valor Adicionado Bruto por setor (Agropecuária/Indústria/Serviços) e atividade econômica, por município e ano (tabela SIDRA 5938).",1267188,122540,2026-08-04 16:48:00
ibge/populacao_estimada.parquet,ibge,IBGE - População Estimada por Município,Série de população estimada por município e ano -- habilita taxas per capita sobre qualquer outra fonte deste hub.,1099725,116991,2026-08-04 16:48:05
sia/apac_cirurgia_bariatrica.parquet,sia,SIA/SUS - APAC de Cirurgia Bariátrica,"APACs de acompanhamento a cirurgia bariátrica, 2008 a Mar/2013 (substituída pela ABO).",9091934,231034,2026-08-04 16:48:38
sia/apac_confeccao_fistula.parquet,sia,SIA/SUS - APAC de Confecção de Fístula Arteriovenosa,"APACs de confecção de fístula arteriovenosa (acesso para diálise), Jun/2014-atual.",19298320,405594,2026-08-25 07:11:34
sia/apac_laudos_diversos.parquet,sia,SIA/SUS - APAC de Laudos Diversos,"APACs de laudos diversos, 2008-atual.",2305906089,60483908,2026-08-25 06:48:25
sia/apac_medicamentos.parquet,sia,SIA/SUS - APAC de Medicamentos,"APACs de medicamentos (componente especializado da assistência farmacêutica), 2008-atual.",12773996342,384153331,2026-08-25 06:05:41
sia/apac_nefrologia.parquet,sia,SIA/SUS - APAC de Nefrologia,"APACs de nefrologia, 2008 a Out/2014 (substituída pela ATD).",250299577,6534272,2026-08-04 17:06:06
sia/apac_pos_cirurgia_bariatrica.parquet,sia,SIA/SUS - APAC de Acompanhamento Pós Cirurgia Bariátrica,"APACs de acompanhamento pós cirurgia bariátrica, Abr/2013-atual.",19142627,543541,2026-08-25 07:13:01
sia/apac_quimioterapia.parquet,sia,SIA/SUS - APAC de Quimioterapia,"APACs de quimioterapia oncológica, 2008-atual.",2741958377,61686137,2026-08-25 06:25:35
sia/apac_radioterapia.parquet,sia,SIA/SUS - APAC de Radioterapia,"APACs de radioterapia oncológica, 2008-atual.",224514058,4048395,2026-08-25 06:28:38
sia/apac_tratamento_dialitico.parquet,sia,SIA/SUS - APAC de Tratamento Dialítico,"APACs de tratamento dialítico (diálise), Jun/2014-atual.",613881293,16403330,2026-08-25 06:34:46
sia/atencao_domiciliar.parquet,sia,SIA/SUS - Atenção Domiciliar (RAAS),"RAAS de Atenção Domiciliar (SAD/Melhor em Casa), Nov/2012-atual.",41328659,3524141,2026-08-04 17:32:06
sia/psicossocial.parquet,sia,SIA/SUS - Psicossocial (RAAS),"RAAS Psicossocial -- atendimentos da Rede de Atenção Psicossocial (CAPS), Jan/2013-atual.",2463960130,168194801,2026-08-25 07:09:17
sih/aih_reduzida.parquet,sih,SIH/SUS - AIH Reduzida,"Internações hospitalares aprovadas para pagamento pelo SUS, 2008-atual. Diagnósticos, procedimentos, valores, tempo de permanência.",10270695252,223994764,2026-08-24 12:26:44
sih/aih_rejeitada.parquet,sih,SIH/SUS - AIH Rejeitadas,"Internações hospitalares rejeitadas para pagamento pelo SUS, 2008-atual.",568655651,15346889,2026-08-24 12:32:50
sih/servicos_profissionais.parquet,sih,CNES - Profissionais,"Profissionais de saúde cadastrados por estabelecimento (CBO, carga horária, forma de contratação).",30726331100,2551473524,2026-08-24 23:38:53
sim/declaracoes_de_obito_causas_externas_cid10.parquet,sim,"SIM - Causas Externas, CID-10 (1996-atual)","Óbitos por causas externas (acidentes, violência), era CID-10.",180452206,4232766,2026-08-24 10:36:02
sim/declaracoes_de_obito_causas_externas_cid9.parquet,sim,"SIM - Causas Externas, CID-9 (1979-1995)","Óbitos por causas externas (acidentes, violência), era CID-9",26053870,1543552,2026-08-04 22:32:58
sim/declaracoes_de_obito_cid10.parquet,sim,"SIM - Declaração de Óbito, CID-10 (1996-atual)","Óbitos por todas as causas, era CID-10.",1539745993,36312023,2026-08-24 10:33:34
sim/declaracoes_de_obito_cid9.parquet,sim,"SIM - Declaração de Óbito, CID-9 (1979-1995)","Óbitos por todas as causas, era CID-9.",227852739,13693256,2026-08-04 22:45:04
sim/declaracoes_de_obito_fetais_cid10.parquet,sim,"SIM - Óbitos Fetais, CID-10 (1996-atual)","Declarações de Óbito Fetal, era CID-10.",35749252,999633,2026-08-24 10:36:51
sim/declaracoes_de_obito_fetais_cid9.parquet,sim,"SIM - Óbitos Fetais, CID-9 (1979-1995)","Declarações de Óbito Fetal, era CID-9.",13573387,837980,2026-08-04 22:46:14
sim/declaracoes_de_obito_infantis_cid10.parquet,sim,"SIM - Óbitos Infantis, CID-10 (1996-atual)","Declarações de Óbito Infantil, era CID-10.",58386544,1395529,2026-08-24 10:37:43
sim/declaracoes_de_obito_infantis_cid9.parquet,sim,"SIM - Óbitos Infantis, CID-9 (1979-1995)","Declarações de Óbito Infantil, era CID-9.",34478694,2147409,2026-08-04 22:47:24
sim/declaracoes_de_obito_maternos_cid10.parquet,sim,SIM - Óbitos Maternos (1996-atual),Declarações de Óbito Materno. Só existe a partir de 1996 (sem era CID-9).,3045700,51138,2026-08-24 10:38:02
sim/declaracoes_de_obito_residentes_exterior_cid10.parquet,sim,SIM - Mortalidade de Residentes no Exterior (2013-atual),Brasileiros falecidos no exterior. Só existe a partir de 2013 (sem era CID-9)..,464323,6334,2026-08-24 10:38:18
sinan/acidente_por_animal_peconhento.parquet,sinan,SINAN - Doenças e Agravos de Notificação Compulsória,"58 agravos (dengue, tuberculose, violência interpessoal, sífilis, AIDS/HIV, hanseníase e outros)",113707546,4309918,2026-08-25 00:35:48
sinan/acidente_trabalho_grave.parquet,sinan,SINAN - Doenças e Agravos de Notificação Compulsória,"58 agravos (dengue, tuberculose, violência interpessoal, sífilis, AIDS/HIV, hanseníase e outros)",125942406,3469737,2026-08-04 22:50:00
sinan/acidente_trabalho_material_biologico.parquet,sinan,SINAN - Doenças e Agravos de Notificação Compulsória,"58 agravos (dengue, tuberculose, violência interpessoal, sífilis, AIDS/HIV, hanseníase e outros)",38588391,1101557,2026-08-04 22:50:35
sinan/aids_adulto.parquet,sinan,SINAN - Doenças e Agravos de Notificação Compulsória,"58 agravos (dengue, tuberculose, violência interpessoal, sífilis, AIDS/HIV, hanseníase e outros)",14823668,682216,2026-08-04 22:51:09
sinan/aids_crianca.parquet,sinan,SINAN - Doenças e Agravos de Notificação Compulsória,"58 agravos (dengue, tuberculose, violência interpessoal, sífilis, AIDS/HIV, hanseníase e outros)",358484,9642,2026-08-04 22:51:11
sinan/antraz.parquet,sinan,SINAN - Doenças e Agravos de Notificação Compulsória,"58 agravos (dengue, tuberculose, violência interpessoal, sífilis, AIDS/HIV, hanseníase e outros)",298129909,12360951,2026-08-04 22:53:27
sinan/botulismo.parquet,sinan,SINAN - Doenças e Agravos de Notificação Compulsória,"58 agravos (dengue, tuberculose, violência interpessoal, sífilis, AIDS/HIV, hanseníase e outros)",128731,599,2026-08-04 22:53:30
sinan/cancer_relacionado_ao_trabalho.parquet,sinan,SINAN - Doenças e Agravos de Notificação Compulsória,"58 agravos (dengue, tuberculose, violência interpessoal, sífilis, AIDS/HIV, hanseníase e outros)",501666,12766,2026-08-04 22:53:32
sinan/chikungunya.parquet,sinan,SINAN - Doenças e Agravos de Notificação Compulsória,"58 agravos (dengue, tuberculose, violência interpessoal, sífilis, AIDS/HIV, hanseníase e outros)",63292728,2492984,2026-08-25 00:08:13
sinan/colera.parquet,sinan,SINAN - Doenças e Agravos de Notificação Compulsória,"58 agravos (dengue, tuberculose, violência interpessoal, sífilis, AIDS/HIV, hanseníase e outros)",11335,3,2026-08-04 22:54:08
sinan/coqueluche.parquet,sinan,SINAN - Doenças e Agravos de Notificação Compulsória,"58 agravos (dengue, tuberculose, violência interpessoal, sífilis, AIDS/HIV, hanseníase e outros)",8079394,169487,2026-08-25 00:32:35
sinan/dengue.parquet,sinan,SINAN - Doenças e Agravos de Notificação Compulsória,"58 agravos (dengue, tuberculose, violência interpessoal, sífilis, AIDS/HIV, hanseníase e outros)",708529348,29902243,2026-08-25 00:06:05
sinan/dermatose_ocupacional.parquet,sinan,SINAN - Doenças e Agravos de Notificação Compulsória,"58 agravos (dengue, tuberculose, violência interpessoal, sífilis, AIDS/HIV, hanseníase e outros)",523024,12584,2026-08-04 22:59:58
sinan/difteria.parquet,sinan,SINAN - Doenças e Agravos de Notificação Compulsória,"58 agravos (dengue, tuberculose, violência interpessoal, sífilis, AIDS/HIV, hanseníase e outros)",130086,1143,2026-08-25 00:32:12
sinan/doenca_de_chagas_aguda.parquet,sinan,SINAN - Doenças e Agravos de Notificação Compulsória,"58 agravos (dengue, tuberculose, violência interpessoal, sífilis, AIDS/HIV, hanseníase e outros)",4014681,87687,2026-08-04 23:00:14
sinan/doenca_de_chagas_reacao_transfusional.parquet,sinan,SINAN - Doenças e Agravos de Notificação Compulsória,"58 agravos (dengue, tuberculose, violência interpessoal, sífilis, AIDS/HIV, hanseníase e outros)",110439,2055,2026-08-04 23:00:15
sinan/doenca_exantematica_suspeita.parquet,sinan,SINAN - Doenças e Agravos de Notificação Compulsória,"58 agravos (dengue, tuberculose, violência interpessoal, sífilis, AIDS/HIV, hanseníase e outros)",11338700,252599,2026-08-04 23:00:49
sinan/doenca_pneumococica_invasiva.parquet,sinan,SINAN - Doenças e Agravos de Notificação Compulsória,"58 agravos (dengue, tuberculose, violência interpessoal, sífilis, AIDS/HIV, hanseníase e outros)",318471,7096,2026-08-04 23:00:50
sinan/esporotricose.parquet,sinan,SINAN - Doenças e Agravos de Notificação Compulsória,"58 agravos (dengue, tuberculose, violência interpessoal, sífilis, AIDS/HIV, hanseníase e outros)",414296,32492,2026-08-04 23:00:53
sinan/esquistossomose.parquet,sinan,SINAN - Doenças e Agravos de Notificação Compulsória,"58 agravos (dengue, tuberculose, violência interpessoal, sífilis, AIDS/HIV, hanseníase e outros)",5716832,169721,2026-08-04 23:01:15
sinan/febre_maculosa.parquet,sinan,SINAN - Doenças e Agravos de Notificação Compulsória,"58 agravos (dengue, tuberculose, violência interpessoal, sífilis, AIDS/HIV, hanseníase e outros)",4264111,79713,2026-08-04 23:01:32
sinan/febre_tifoide.parquet,sinan,SINAN - Doenças e Agravos de Notificação Compulsória,"58 agravos (dengue, tuberculose, violência interpessoal, sífilis, AIDS/HIV, hanseníase e outros)",711809,9502,2026-08-04 23:01:36
sinan/hanseniase.parquet,sinan,SINAN - Doenças e Agravos de Notificação Compulsória,"58 agravos (dengue, tuberculose, violência interpessoal, sífilis, AIDS/HIV, hanseníase e outros)",40540215,1024957,2026-08-04 23:02:11
sinan/hantavirose.parquet,sinan,SINAN - Doenças e Agravos de Notificação Compulsória,"58 agravos (dengue, tuberculose, violência interpessoal, sífilis, AIDS/HIV, hanseníase e outros)",2034028,24594,2026-08-04 23:02:20
sinan/hepatites_virais.parquet,sinan,SINAN - Doenças e Agravos de Notificação Compulsória,"58 agravos (dengue, tuberculose, violência interpessoal, sífilis, AIDS/HIV, hanseníase e outros)",21727293,664654,2026-08-04 23:02:54
sinan/hiv_adulto.parquet,sinan,SINAN - Doenças e Agravos de Notificação Compulsória,"58 agravos (dengue, tuberculose, violência interpessoal, sífilis, AIDS/HIV, hanseníase e outros)",15234992,539517,2026-08-04 23:03:28
sinan/hiv_crianca.parquet,sinan,SINAN - Doenças e Agravos de Notificação Compulsória,"58 agravos (dengue, tuberculose, violência interpessoal, sífilis, AIDS/HIV, hanseníase e outros)",155232,2242,2026-08-04 23:03:30
sinan/hiv_gestante.parquet,sinan,SINAN - Doenças e Agravos de Notificação Compulsória,"58 agravos (dengue, tuberculose, violência interpessoal, sífilis, AIDS/HIV, hanseníase e outros)",797626,68140,2026-08-04 23:03:33
sinan/hiv_outro_perfil.parquet,sinan,SINAN - Doenças e Agravos de Notificação Compulsória,"58 agravos (dengue, tuberculose, violência interpessoal, sífilis, AIDS/HIV, hanseníase e outros)",3076774,130768,2026-08-04 23:03:46
sinan/intoxicacao_exogena.parquet,sinan,SINAN - Doenças e Agravos de Notificação Compulsória,"58 agravos (dengue, tuberculose, violência interpessoal, sífilis, AIDS/HIV, hanseníase e outros)",111908274,2624846,2026-08-25 00:38:42
sinan/leishmaniose_tegumentar_americana.parquet,sinan,SINAN - Doenças e Agravos de Notificação Compulsória,"58 agravos (dengue, tuberculose, violência interpessoal, sífilis, AIDS/HIV, hanseníase e outros)",19038513,549711,2026-08-04 23:05:29
sinan/leishmaniose_visceral.parquet,sinan,SINAN - Doenças e Agravos de Notificação Compulsória,"58 agravos (dengue, tuberculose, violência interpessoal, sífilis, AIDS/HIV, hanseníase e outros)",7945984,203957,2026-08-04 23:06:01
sinan/leptospirose.parquet,sinan,SINAN - Doenças e Agravos de Notificação Compulsória,"58 agravos (dengue, tuberculose, violência interpessoal, sífilis, AIDS/HIV, hanseníase e outros)",22271168,426962,2026-08-25 00:31:29
sinan/ler_dort.parquet,sinan,SINAN - Doenças e Agravos de Notificação Compulsória,"58 agravos (dengue, tuberculose, violência interpessoal, sífilis, AIDS/HIV, hanseníase e outros)",324053,7632,2026-08-04 23:06:40
sinan/ler_dort_detalhado.parquet,sinan,SINAN - Doenças e Agravos de Notificação Compulsória,"58 agravos (dengue, tuberculose, violência interpessoal, sífilis, AIDS/HIV, hanseníase e outros)",5898302,160663,2026-08-04 23:07:04
sinan/malaria.parquet,sinan,SINAN - Doenças e Agravos de Notificação Compulsória,"58 agravos (dengue, tuberculose, violência interpessoal, sífilis, AIDS/HIV, hanseníase e outros)",2338878,68320,2026-08-04 23:07:14
sinan/meningite.parquet,sinan,SINAN - Doenças e Agravos de Notificação Compulsória,"58 agravos (dengue, tuberculose, violência interpessoal, sífilis, AIDS/HIV, hanseníase e outros)",35029382,522094,2026-08-25 00:32:09
sinan/notificacao_acidente_trabalho.parquet,sinan,SINAN - Doenças e Agravos de Notificação Compulsória,"58 agravos (dengue, tuberculose, violência interpessoal, sífilis, AIDS/HIV, hanseníase e outros)",608420,37521,2026-08-04 23:07:52
sinan/paralisia_flacida_aguda.parquet,sinan,SINAN - Doenças e Agravos de Notificação Compulsória,"58 agravos (dengue, tuberculose, violência interpessoal, sífilis, AIDS/HIV, hanseníase e outros)",1396177,10258,2026-08-25 00:35:54
sinan/perda_auditiva_indzuida_por_ruido.parquet,sinan,SINAN - Doenças e Agravos de Notificação Compulsória,"58 agravos (dengue, tuberculose, violência interpessoal, sífilis, AIDS/HIV, hanseníase e outros)",476908,11434,2026-08-04 23:08:01
sinan/peste.parquet,sinan,SINAN - Doenças e Agravos de Notificação Compulsória,"58 agravos (dengue, tuberculose, violência interpessoal, sífilis, AIDS/HIV, hanseníase e outros)",22289,158,2026-08-04 23:08:02
sinan/raiva_humana.parquet,sinan,SINAN - Doenças e Agravos de Notificação Compulsória,"58 agravos (dengue, tuberculose, violência interpessoal, sífilis, AIDS/HIV, hanseníase e outros)",160630,1725,2026-08-04 23:08:03
sinan/rotavirus.parquet,sinan,SINAN - Doenças e Agravos de Notificação Compulsória,"58 agravos (dengue, tuberculose, violência interpessoal, sífilis, AIDS/HIV, hanseníase e outros)",1286189,22257,2026-08-04 23:08:08
sinan/sifilis_adquirida.parquet,sinan,SINAN - Doenças e Agravos de Notificação Compulsória,"58 agravos (dengue, tuberculose, violência interpessoal, sífilis, AIDS/HIV, hanseníase e outros)",25386240,1901384,2026-08-25 00:29:44
sinan/sifilis_congenita.parquet,sinan,SINAN - Doenças e Agravos de Notificação Compulsória,"58 agravos (dengue, tuberculose, violência interpessoal, sífilis, AIDS/HIV, hanseníase e outros)",11105364,334323,2026-08-25 00:30:10
sinan/sifilis_em_gestante.parquet,sinan,SINAN - Doenças e Agravos de Notificação Compulsória,"58 agravos (dengue, tuberculose, violência interpessoal, sífilis, AIDS/HIV, hanseníase e outros)",15085543,805039,2026-08-25 00:30:42
sinan/sindrome_da_rubeola_congenita.parquet,sinan,SINAN - Doenças e Agravos de Notificação Compulsória,"58 agravos (dengue, tuberculose, violência interpessoal, sífilis, AIDS/HIV, hanseníase e outros)",174749,2147,2026-08-04 23:09:52
sinan/surto_doenca_transmitida_por_alimentos.parquet,sinan,SINAN - Doenças e Agravos de Notificação Compulsória,"58 agravos (dengue, tuberculose, violência interpessoal, sífilis, AIDS/HIV, hanseníase e outros)",965625,12254,2026-08-04 23:09:56
sinan/tetano_acidental.parquet,sinan,SINAN - Doenças e Agravos de Notificação Compulsória,"58 agravos (dengue, tuberculose, violência interpessoal, sífilis, AIDS/HIV, hanseníase e outros)",731781,11463,2026-08-25 00:32:39
sinan/tetano_neonatal.parquet,sinan,SINAN - Doenças e Agravos de Notificação Compulsória,"58 agravos (dengue, tuberculose, violência interpessoal, sífilis, AIDS/HIV, hanseníase e outros)",17067,17,2026-08-25 00:32:41
sinan/toxoplasmose_congenita.parquet,sinan,SINAN - Doenças e Agravos de Notificação Compulsória,"58 agravos (dengue, tuberculose, violência interpessoal, sífilis, AIDS/HIV, hanseníase e outros)",995149,36254,2026-08-04 23:10:05
sinan/toxoplasmose_gestacional.parquet,sinan,SINAN - Doenças e Agravos de Notificação Compulsória,"58 agravos (dengue, tuberculose, violência interpessoal, sífilis, AIDS/HIV, hanseníase e outros)",2563998,87469,2026-08-04 23:10:16
sinan/tracoma.parquet,sinan,SINAN - Doenças e Agravos de Notificação Compulsória,"58 agravos (dengue, tuberculose, violência interpessoal, sífilis, AIDS/HIV, hanseníase e outros)",1305758,181508,2026-08-04 23:10:21
sinan/transtorno_mental_relacionado_ao_trabalho.parquet,sinan,SINAN - Doenças e Agravos de Notificação Compulsória,"58 agravos (dengue, tuberculose, violência interpessoal, sífilis, AIDS/HIV, hanseníase e outros)",1335698,36223,2026-08-04 23:10:27
sinan/tuberculose.parquet,sinan,SINAN - Doenças e Agravos de Notificação Compulsória,"58 agravos (dengue, tuberculose, violência interpessoal, sífilis, AIDS/HIV, hanseníase e outros)",70629386,2301397,2026-08-04 23:11:02
sinan/varicela_grave.parquet,sinan,SINAN - Doenças e Agravos de Notificação Compulsória,"58 agravos (dengue, tuberculose, violência interpessoal, sífilis, AIDS/HIV, hanseníase e outros)",29073239,1489986,2026-08-04 23:11:37
sinan/violencia_interpessoal_autoprovocada.parquet,sinan,SINAN - Doenças e Agravos de Notificação Compulsória,"58 agravos (dengue, tuberculose, violência interpessoal, sífilis, AIDS/HIV, hanseníase e outros)",224178104,5335262,2026-08-04 23:13:20
sinan/zika.parquet,sinan,SINAN - Doenças e Agravos de Notificação Compulsória,"58 agravos (dengue, tuberculose, violência interpessoal, sífilis, AIDS/HIV, hanseníase e outros)",10821381,604472,2026-08-25 00:08:36
sinasc/declaracoes_de_nascido_vivo.parquet,sinasc,SINASC - Nascidos Vivos,"Declarações de Nascido Vivo, série histórica (inclui período antigo)",1825387017,84564003,2026-08-04 23:26:33
sinasc/declaracoes_de_nascido_vivo_exterior.parquet,sinasc,SINASC - Nascidos Vivos no Exterior (DNEX),"Brasileiros nascidos no exterior, registrados no sistema (arquivo final separado, não pertence a nenhuma UF).",459398,10348,2026-08-04 23:26:37
